{
  "experiment": "E5 · Windows/Linux Ollama control group",
  "purpose": "Prove LoB is architecture-agnostic (dGPU with same-tier BW should show equivalent LoB to M4 UMA)",
  "platform": "Windows-10-10.0.26200-SP0",
  "gpu_info": "NVIDIA GeForce RTX 2050, 4096 MiB, 596.36",
  "gpu_peak_bandwidth_gbs": 112,
  "matched_datasheet": "rtx 2050",
  "model": "qwen2.5:3b",
  "scenarios": [
    {
      "name": "E5_1_baseline",
      "prompt_bytes": 72,
      "response_bytes": 3745,
      "prompt_tokens": 45,
      "completion_tokens": 651,
      "prompt_eval_ns": 29585636000,
      "eval_ns": 25547591000,
      "total_ns": 303397331600,
      "wall_elapsed_sec": 303.41419553756714,
      "decode_tps_ollama": 25.4818546296596,
      "decode_tps_wall": 2.1455818797357376,
      "external_bps_total": 12.58016288010954,
      "lob_ratio_strict": 8902905396.962934,
      "internal_bw_loose_gbs": 4.291163759471476,
      "lob_ratio_loose": 341105580.2986639
    },
    {
      "name": "E5_2_prompt2k",
      "prompt_bytes": 4500,
      "response_bytes": 585,
      "prompt_tokens": 1030,
      "completion_tokens": 113,
      "prompt_eval_ns": 983917000,
      "eval_ns": 3666277000,
      "total_ns": 8869258600,
      "wall_elapsed_sec": 8.877576112747192,
      "decode_tps_ollama": 30.82145729850745,
      "decode_tps_wall": 12.72869965459883,
      "external_bps_total": 572.7914844569473,
      "lob_ratio_strict": 195533633.16178674,
      "internal_bw_loose_gbs": 25.45739930919766,
      "lob_ratio_loose": 44444444.44444445
    },
    {
      "name": "E5_3_prompt6k",
      "prompt_bytes": 22500,
      "response_bytes": 333,
      "prompt_tokens": 5030,
      "completion_tokens": 70,
      "prompt_eval_ns": 3771204000,
      "eval_ns": 3000954000,
      "total_ns": 7781957000,
      "wall_elapsed_sec": 7.794948101043701,
      "decode_tps_ollama": 23.32591569214323,
      "decode_tps_wall": 8.980175248457059,
      "external_bps_total": 2929.2048778288577,
      "lob_ratio_strict": 38235632.08150022,
      "internal_bw_loose_gbs": 17.96035049691412,
      "lob_ratio_loose": 6131476.371917838
    },
    {
      "name": "E5_4_prompt8k",
      "prompt_bytes": 40800,
      "response_bytes": 388,
      "prompt_tokens": 9630,
      "completion_tokens": 79,
      "prompt_eval_ns": 9878091000,
      "eval_ns": 4445700000,
      "total_ns": 15779593600,
      "wall_elapsed_sec": 15.799952983856201,
      "decode_tps_ollama": 17.769979980655464,
      "decode_tps_wall": 5.000014878570793,
      "external_bps_total": 2606.8432002351115,
      "lob_ratio_strict": 42963842.2402616,
      "internal_bw_loose_gbs": 10.000029757141586,
      "lob_ratio_loose": 3836068.757890648
    }
  ],
  "compare_to_m4": "M4 base: 120 GB/s UMA · gemma4:9b · E1 decode 29.2 TPS · LoB strict 6.0e9. If this run yields LoB > 1e8 across all scenarios on GPU-BW-equivalent hardware, LoB is confirmed architecture-agnostic."
}